Data,Otwarcie,Najwyzszy,Najnizszy,Zamkniecie,Wolumen
2019-03-13,71.8886,72.7152,70.7328,70.7328,2326.0416667411
2019-03-14,73.3766,73.3766,71.2272,71.8886,2060.4166667326
2019-03-15,71.8886,71.8886,71.2272,71.7235,1000.000000032
2019-03-18,71.7235,73.0454,71.7235,72.8803,2512.5000000804
2019-03-19,72.8803,72.8803,71.063,71.8886,3911.4583334585
2019-03-20,71.8886,72.384,70.7328,72.384,7932.2916669205
2019-03-21,72.384,72.384,70.4016,71.3933,156.250000005
2019-03-22,71.3933,72.2198,71.3933,71.3933,236.4583333409
2019-03-25,71.063,71.8886,71.063,71.063,542.7083333507
2019-03-26,70.4016,70.5667,69.576,69.576,1101.0416667019
2019-03-27,69.4099,69.4099,67.7578,69.2448,1113.5416667023
2019-03-28,70.8979,70.8979,69.2448,70.4016,276.0416666755
2019-03-29,70.4016,70.4016,70.4016,70.4016,37.5000000012
2019-04-01,70.2365,70.2365,67.7578,69.7402,163.5416666719
2019-04-02,69.7402,70.2365,69.7402,70.2365,282.2916666757
2019-04-03,70.4016,70.4016,68.4192,69.576,495.8333333492
2019-04-04,68.7485,69.576,68.7485,69.4099,571.8750000183
2019-04-05,69.7402,69.7402,69.4099,69.4099,561.4583333513
2019-04-08,69.7402,69.7402,69.7402,69.7402,18.7500000006
2019-04-09,69.7402,71.5584,69.7402,71.2272,925.0000000296
2019-04-10,71.2272,71.2272,70.7328,70.7328,296.8750000095
2019-04-11,70.7328,71.2272,70.2365,71.2272,226.0416666739
2019-04-12,70.8979,71.2272,70.4016,70.4016,554.1666666844
2019-04-15,70.4016,71.3933,70.0714,70.0714,1119.7916667025
2019-04-16,70.2365,70.2365,70.0714,70.0714,157.2916666717
2019-04-17,70.2365,70.2365,69.4099,69.4099,1641.6666667192
2019-04-18,70.5667,70.5667,69.4099,69.4099,1222.9166667058
2019-04-23,70.2365,70.2365,70.0714,70.0714,85.4166666694
2019-04-24,70.0714,70.4016,69.4099,70.4016,113.5416666703
2019-04-25,70.2365,70.2365,69.4099,69.4099,731.2500000234
2019-04-26,70.8979,70.8979,70.4016,70.7328,320.8333333436
2019-04-29,70.7328,71.063,70.7328,70.8979,296.8750000095
2019-04-30,71.2272,71.2272,71.063,71.063,73.9583333357
2019-05-02,71.063,71.063,69.4099,70.8979,447.916666681
2019-05-06,68.5834,70.2365,68.5834,70.0714,203.1250000065
2019-05-07,69.0787,69.9062,68.9146,68.9146,186.4583333393
2019-05-08,69.0787,69.0787,68.5834,68.7485,386.4583333457
2019-05-09,68.4192,68.4192,68.4192,68.4192,59.3750000019
2019-05-10,68.5834,68.5834,68.4192,68.4192,298.9583333429
2019-05-13,67.7578,67.7578,65.2781,66.1046,2502.0833334134
2019-05-14,66.1046,66.9312,66.1046,66.9312,431.2500000138
2019-05-15,69.2448,69.2448,65.2781,65.6093,814.5833333594
2019-05-16,65.9395,65.9395,64.4525,64.4525,1344.7916667097
2019-05-17,64.4525,68.2531,63.4598,63.625,2729.166666754
2019-05-20,62.9654,65.7744,62.9654,63.2966,1621.8750000519
2019-05-21,63.1306,64.2864,62.9654,62.9654,2701.0416667531
2019-05-22,63.2966,66.601,63.2966,63.9562,1789.5833333906
2019-05-23,66.1046,66.1046,63.9562,63.9562,385.416666679
2019-05-24,65.9395,65.9395,63.9562,64.1213,1023.9583333661
2019-05-27,64.1213,64.1213,63.9562,63.9562,195.8333333396
2019-05-28,63.791,63.791,63.625,63.625,779.1666666916
2019-05-29,63.625,65.4432,63.2966,64.1213,1893.7500000606
2019-05-30,65.4432,65.6093,63.625,65.4432,20472.916667322
2019-05-31,66.1046,66.7661,65.2781,66.1046,936.4583333633
2019-06-03,66.9312,68.2531,65.7744,66.1046,650.0000000208
2019-06-04,65.4432,66.1046,65.2781,65.2781,145.833333338
2019-06-05,65.7744,67.5917,64.6176,65.7744,973.9583333645
2019-06-06,65.7744,67.7578,65.7744,67.7578,578.1250000185
2019-06-07,67.7578,70.0714,67.7578,68.7485,2009.3750000643
2019-06-10,69.4099,69.4099,67.9219,67.9219,3242.7083334371
2019-06-11,67.7578,67.7578,67.4266,67.4266,1853.1250000593
2019-06-12,67.5917,67.5917,66.1046,67.4266,741.6666666904
2019-06-13,67.5917,69.0787,66.4358,66.9312,2363.5416667423
2019-06-14,66.9312,66.9312,66.2707,66.2707,5736.4583335169
2019-06-17,65.9395,66.601,65.9395,66.1046,2344.7916667417
2019-06-18,71.063,72.384,67.9219,69.0787,4637.5000001484
2019-06-19,69.4099,69.4099,68.2531,68.9146,2459.3750000787
2019-06-21,70.2365,70.2365,68.4192,69.2448,916.666666696
2019-06-24,69.7402,69.7402,67.5917,67.5917,1525.0000000488
2019-06-25,67.7578,68.2531,67.7578,67.7578,1973.9583333965
2019-06-26,68.4192,68.9146,67.7578,67.7578,262.5000000084
2019-06-27,68.7485,68.7485,67.0973,67.7578,363.5416666783
2019-06-28,68.088,68.4192,67.0973,67.0973,1665.6250000533
2019-07-01,68.2531,68.2531,67.0973,67.9219,2889.5833334258
2019-07-02,67.9219,67.9219,66.2707,66.7661,1781.250000057
2019-07-03,66.4358,66.7661,66.1046,66.7661,2564.5833334154
2019-07-04,66.9312,68.088,66.7661,68.088,3519.7916667793
2019-07-05,68.088,68.088,67.7578,68.088,686.4583333553
2019-07-08,67.7578,67.7578,67.7578,67.7578,498.9583333493
2019-07-09,67.4266,67.4266,66.9312,66.9312,235.4166666742
2019-07-10,66.9312,67.7578,66.9312,67.7578,144.7916666713
2019-07-11,67.7578,67.7578,67.7578,67.7578,634.3750000203
2019-07-12,67.7578,67.7578,66.9312,67.7578,1768.7500000566
2019-07-15,67.5917,67.5917,66.4358,67.2614,3605.2083334487
2019-07-16,67.4266,67.4266,66.9312,66.9312,434.3750000139
2019-07-17,67.4266,67.5917,66.9312,67.5917,291.666666676
2019-07-18,67.7578,67.7578,67.4266,67.7578,429.1666666804
2019-07-19,67.7578,67.7578,67.5917,67.7578,343.750000011
2019-07-22,67.7578,67.7578,67.5917,67.7578,1259.3750000403
2019-07-23,67.5917,67.7578,67.2614,67.2614,1418.7500000454
2019-07-24,67.7578,67.7578,67.7578,67.7578,71.8750000023
2019-07-25,67.5917,67.7578,67.2614,67.7578,1298.9583333749
2019-07-26,68.088,68.088,67.5917,67.5917,795.8333333588
2019-07-29,67.7578,67.7578,67.5917,67.5917,527.0833333502
2019-07-30,67.7578,67.7578,67.4266,67.5917,546.8750000175
2019-07-31,67.7578,67.9219,67.5917,67.7578,7625.000000244
2019-08-01,68.5834,69.576,68.5834,69.2448,1332.2916667093
2019-08-02,69.2448,69.2448,67.4266,67.4266,663.5416666879
2019-08-05,68.088,68.5834,67.4266,67.7578,1050.0000000336
2019-08-06,67.7578,67.7578,67.2614,67.7578,828.1250000265
2019-08-07,68.088,68.088,67.2614,67.2614,480.2083333487
2019-08-08,67.9219,68.088,67.5917,67.7578,345.8333333444
2019-08-09,68.088,68.088,67.4266,67.5917,479.166666682
2019-08-12,67.7578,67.9219,67.7578,67.7578,5450.0000001744
2019-08-13,67.9219,68.088,67.7578,67.9219,866.6666666944
2019-08-14,67.7578,67.9219,67.7578,67.7578,1582.2916667173
2019-08-16,68.088,68.088,67.7578,67.7578,2932.2916667605
2019-08-19,68.5834,69.2448,67.7578,69.2448,4384.3750001403
2019-08-20,69.4099,69.9062,67.7578,68.5834,2141.6666667352
2019-08-21,68.088,69.576,68.088,68.9146,827.0833333598
2019-08-22,68.2531,68.2531,68.2531,68.2531,608.3333333528
2019-08-23,68.5834,69.4099,68.088,68.088,1167.7083333707
2019-08-26,68.2531,68.5834,67.7578,68.5834,1001.0416666987
2019-08-27,68.5834,68.7485,68.5834,68.5834,977.0833333646
2019-08-28,69.4099,69.4099,68.5834,68.5834,1403.1250000449
2019-08-29,68.7485,69.0787,68.7485,69.0787,928.1250000297
2019-08-30,69.2448,69.4099,68.9146,69.4099,1696.8750000543
2019-09-02,69.4099,69.4099,68.7485,68.9146,1196.8750000383
2019-09-03,69.4099,69.9062,68.7485,68.9146,1360.4166667102
2019-09-04,69.7402,69.7402,69.7402,69.7402,142.7083333379
2019-09-05,69.7402,69.7402,69.576,69.7402,543.7500000174
2019-09-06,69.9062,70.2365,69.7402,69.9062,3700.0000001184
2019-09-09,70.5667,76.0205,70.5667,74.5334,5533.3333335104
2019-09-10,75.6893,75.6893,74.0381,74.0381,1385.416666711
2019-09-11,74.3683,74.3683,73.0454,73.7069,664.5833333546
2019-09-12,73.5408,75.8554,73.5408,73.7069,1598.9583333845
2019-09-13,75.5242,75.5242,73.872,74.3683,1326.0416667091
2019-09-16,75.0288,75.1939,73.7069,74.3683,2769.7916667553
2019-09-17,74.3683,74.3683,74.2022,74.2022,2035.4166667318
2019-09-18,75.1939,76.0205,74.2022,75.6893,3277.0833334382
2019-09-19,75.359,75.8554,74.0381,75.1939,1644.7916667193
2019-09-20,77.8109,77.8109,74.3213,75.3686,1641.6666667192
2019-09-23,75.3686,75.3686,74.1475,74.497,841.6666666936
2019-09-24,74.497,74.497,74.1475,74.1475,564.5833333514
2019-09-25,74.1475,74.1475,67.1693,69.0883,4650.0000001488
2019-09-26,69.7853,71.1811,68.2157,69.6115,2348.9583334085
2019-09-27,69.6115,70.6589,69.6115,70.1347,471.8750000151
2019-09-30,70.1347,70.3094,69.2621,70.1347,1307.2916667085
2019-10-01,70.1347,70.1347,69.7853,69.7853,220.8333333404
2019-10-02,69.6115,70.1347,68.041,68.9136,937.50000003
2019-10-03,68.7389,68.7389,67.8662,68.041,1547.9166667162
2019-10-04,68.041,68.7389,68.041,68.041,317.7083333435
2019-10-07,68.041,68.041,66.8198,67.343,2981.2500000954
2019-10-08,68.041,68.041,67.1693,68.041,452.0833333478
2019-10-09,68.041,68.2157,68.041,68.2157,226.0416666739
2019-10-10,68.3904,68.7389,68.3904,68.7389,190.6250000061
2019-10-11,68.5642,71.7043,68.5642,70.6589,1021.8750000327
2019-10-14,71.7043,71.7043,70.6589,70.6589,164.5833333386
2019-10-15,71.5306,71.5306,71.3558,71.5306,109.3750000035
2019-10-16,72.2285,72.2285,70.6589,70.6589,23.9583333341
2019-10-17,70.6589,70.6589,70.3094,70.3094,104.16666667
2019-10-18,70.3094,70.6589,69.2621,69.4368,667.7083333547
2019-10-21,69.7853,69.7853,68.7389,68.7389,1375.000000044
2019-10-22,68.9136,69.4368,68.9136,69.4368,685.4166666886
2019-10-23,69.4368,70.4832,69.4368,70.4832,1068.7500000342
2019-10-24,69.96,70.6589,69.4368,69.96,1004.1666666988
2019-10-25,69.96,69.96,69.7853,69.96,168.7500000054
2019-10-28,69.96,69.96,69.4368,69.4368,392.7083333459
2019-10-29,69.7853,69.7853,69.7853,69.7853,28.1250000009
2019-10-30,70.6589,70.6589,69.4368,69.7853,767.7083333579
2019-10-31,69.7853,69.7853,69.7853,69.7853,160.4166666718
2019-11-04,69.7853,69.7853,69.2621,69.2621,513.5416666831
2019-11-05,69.2621,69.7853,69.2621,69.2621,505.2083333495
2019-11-06,69.7853,69.7853,69.2621,69.2621,235.4166666742
2019-11-07,69.6115,69.7853,69.6115,69.6115,619.7916666865
2019-11-08,69.7853,69.7853,69.2621,69.2621,453.1250000145
2019-11-12,69.4368,69.4368,68.7389,69.4368,431.2500000138
2019-11-13,69.4368,69.4368,68.7389,69.2621,231.2500000074
2019-11-14,69.6115,69.6115,69.2621,69.6115,23.9583333341
2019-11-15,69.4368,69.6115,69.4368,69.6115,200.0000000064
2019-11-18,69.7853,69.7853,69.4368,69.6115,539.5833333506
2019-11-19,69.7853,69.7853,68.5642,68.5642,848.9583333605
2019-11-20,69.4368,69.4368,68.9136,69.0883,334.3750000107
2019-11-21,69.2621,69.4368,69.0883,69.0883,384.3750000123
2019-11-22,69.0883,69.2621,69.0883,69.2621,66.6666666688
2019-11-25,69.6115,69.6115,69.0883,69.0883,48.9583333349
2019-11-26,69.0883,69.4368,69.0883,69.4368,917.7083333627
2019-11-27,69.4368,69.4368,69.4368,69.4368,166.666666672
2019-11-28,69.0883,69.0883,69.0883,69.0883,22.9166666674
2019-11-29,69.4368,69.6115,69.0883,69.4368,154.1666666716
2019-12-02,69.4368,69.4368,69.2621,69.4368,907.2916666957
2019-12-03,69.2621,69.4368,69.2621,69.4368,421.8750000135
2019-12-04,69.2621,69.6115,69.2621,69.6115,191.6666666728
2019-12-05,69.6115,69.7853,69.2621,69.7853,644.7916666873
2019-12-06,70.1347,70.3094,69.7853,70.3094,552.083333351
2019-12-09,70.4832,72.2285,69.96,70.6589,1242.7083333731
2019-12-10,70.6589,71.1811,70.6589,71.1811,864.583333361
2019-12-11,71.3558,71.5306,70.3094,70.6589,1070.8333333676
2019-12-12,71.3558,71.3558,70.4832,70.4832,327.0833333438
2019-12-13,71.1811,71.3558,69.96,71.3558,591.6666666856
2019-12-16,71.3558,71.3558,70.1347,71.1811,276.0416666755
2019-12-17,71.1811,71.1811,70.6589,71.0074,118.7500000038
2019-12-18,71.1811,71.3558,70.6589,71.0074,643.7500000206
2019-12-19,71.5306,74.1475,71.5306,71.5306,1404.1666667116
2019-12-20,71.88,72.4022,70.1347,71.88,3273.9583334381
2019-12-23,72.4022,72.4022,71.88,72.0538,1595.8333333844
2019-12-27,72.4022,72.4022,71.88,71.88,659.3750000211
2019-12-30,72.4022,72.4022,71.88,71.88,1157.2916667037
2020-01-02,74.1475,74.1475,72.2285,72.2285,2403.1250000769
2020-01-03,72.4022,72.4022,72.2285,72.2285,891.6666666952
2020-01-07,72.4022,72.4022,72.2285,72.4022,984.3750000315
2020-01-08,72.4022,72.4022,71.7043,72.4022,1084.3750000347
2020-01-09,72.2285,72.4022,71.7043,72.4022,673.9583333549
2020-01-10,72.4022,72.4022,71.88,71.88,1666.66666672
2020-01-13,72.4022,72.4022,72.0538,72.4022,1281.250000041
2020-01-14,72.4022,72.4022,71.7043,72.4022,928.1250000297
2020-01-15,72.4022,72.4022,71.88,71.88,1528.1250000489
2020-01-16,72.4022,72.4022,71.88,72.0538,450.0000000144
2020-01-17,72.0538,72.0538,71.88,72.0538,745.8333333572
2020-01-20,72.0538,72.2285,72.0538,72.2285,1563.5416667167
2020-01-21,72.4022,72.4022,72.2285,72.4022,370.8333333452
2020-01-22,72.4022,72.4022,72.4022,72.4022,562.500000018
2020-01-23,72.2285,72.4022,71.88,72.0538,616.6666666864
2020-01-24,71.88,72.2285,71.88,71.88,810.4166666926
2020-01-27,72.4022,72.4022,70.6589,70.8326,5759.3750001843
2020-01-28,71.1811,71.5306,70.6589,71.5306,1220.8333333724
2020-01-29,71.5306,71.5306,71.5306,71.5306,1434.3750000459
2020-01-30,71.5306,72.4022,70.8326,72.4022,1898.9583333941
2020-01-31,72.4022,72.4022,71.7043,71.88,627.0833333534
2020-02-03,72.0538,72.2285,71.7043,72.0538,654.1666666876
2020-02-04,72.0538,72.4022,71.7043,72.2285,1518.7500000486
2020-02-05,72.2285,72.2285,71.7043,71.7043,938.5416666967
2020-02-06,72.0538,72.2285,71.7043,72.2285,961.4583333641
2020-02-07,72.2285,72.2285,72.0538,72.2285,108.3333333368
2020-02-10,72.2285,72.2285,72.0538,72.2285,1042.7083333667
2020-02-11,72.2285,72.4022,71.88,72.2285,387.5000000124
2020-02-12,72.2285,72.2285,71.88,72.2285,630.2083333535
2020-02-13,72.2285,72.4022,71.7043,72.4022,767.7083333579
2020-02-14,72.4022,72.4022,72.2285,72.2285,269.7916666753
2020-02-17,72.2285,72.4022,71.7043,71.88,991.6666666984
2020-02-18,72.2285,72.2285,70.8326,71.5306,911.4583333625
2020-02-19,71.5306,71.88,70.6589,71.88,508.3333333496
2020-02-20,71.88,71.88,71.88,71.88,164.5833333386
2020-02-21,71.7043,72.2285,71.1811,72.2285,1362.5000000436
2020-02-24,72.2285,72.4022,70.6589,70.6589,1908.3333333944
2020-02-25,69.96,72.0538,66.8198,68.7389,2790.6250000893
2020-02-26,69.7853,69.7853,68.5642,68.7389,1388.5416667111
2020-02-27,68.9136,68.9136,67.343,67.6925,787.5000000252
2020-02-28,66.8198,67.5178,63.6797,67.1693,4100.0000001312
2020-03-02,65.5987,67.5178,65.424,67.5178,2280.2083334063
2020-03-03,68.5642,69.4368,68.2157,69.2621,932.2916666965
2020-03-04,69.2621,70.4832,68.9136,69.6115,845.8333333604
2020-03-05,69.0883,69.0883,66.2966,67.1693,1140.6250000365
2020-03-06,67.343,68.5642,67.343,68.041,1129.1666667028
2020-03-09,65.424,67.1693,63.6797,64.5523,2191.6666667368
2020-03-10,64.5523,66.9946,64.2029,65.5987,1420.8333333788
2020-03-11,65.9472,65.9472,62.807,65.2502,2089.5833334002
2020-03-12,62.807,62.807,58.4458,58.4458,2816.6666667568
2020-03-13,57.9226,62.9818,57.9226,61.0627,1571.8750000503
2020-03-16,61.0627,61.0627,55.8288,60.888,1118.7500000358
2020-03-17,60.888,61.0627,60.1901,60.888,1423.9583333789
2020-03-18,61.0627,61.0627,58.7952,59.3174,1011.4583333657
2020-03-19,60.7142,60.888,60.1901,60.7142,736.4583333569
2020-03-20,60.888,60.888,59.3174,60.888,2284.3750000731
2020-03-23,61.0627,61.0627,58.271,58.271,1939.5833333954
2020-03-24,57.7478,61.0627,57.7478,58.271,1550.0000000496
2020-03-25,58.4458,60.888,58.4458,59.8416,517.7083333499
2020-03-26,59.8416,60.1901,59.3174,59.3174,289.5833333426
2020-03-27,60.7142,60.7142,58.4458,58.4458,363.5416666783
2020-03-30,59.3174,59.3174,58.7952,59.3174,203.1250000065
2020-03-31,60.1901,61.0627,60.1901,61.0627,665.6250000213
2020-04-01,61.0627,61.0627,61.0627,61.0627,35.4166666678
2020-04-02,61.0627,61.0627,59.3174,60.888,46.8750000015
2020-04-03,60.888,60.888,60.1901,60.1901,335.4166666774
2020-04-06,61.0627,61.0627,59.3174,59.8416,2486.4583334129
2020-04-07,61.0627,61.0627,59.8416,60.3648,1309.3750000419
2020-04-08,61.0627,61.0627,60.0154,60.3648,748.9583333573
2020-04-09,60.888,60.888,59.3174,60.1901,1358.3333333768
2020-04-14,62.807,64.9008,62.807,64.3766,8732.2916669461
2020-04-15,65.424,65.424,63.1565,63.505,3813.5416667887
2020-04-16,64.5523,65.424,63.3312,63.3312,1758.3333333896
2020-04-17,64.2029,64.2029,63.505,63.8544,2293.7500000734
2020-04-20,68.041,68.041,64.5523,65.0755,4093.750000131
2020-04-21,66.1219,66.2966,63.6797,64.0282,2703.1250000865
2020-04-22,63.6797,66.2966,63.6797,64.9008,742.7083333571
2020-04-23,67.1693,67.1693,65.9472,66.1219,1143.7500000366
2020-04-24,66.8198,66.8198,64.5523,64.5523,2720.8333334204
2020-04-27,64.5523,65.2502,62.807,63.6797,2683.3333334192
2020-04-28,63.8544,64.2029,63.6797,64.0282,704.1666666892
2020-04-29,64.0282,65.2502,62.807,62.9818,4378.1250001401
2020-04-30,65.7734,66.1219,63.3312,63.6797,3544.7916667801
2020-05-04,65.424,65.424,64.0282,64.3766,735.4166666902
2020-05-05,64.5523,65.424,64.2029,64.3766,1476.0416667139
2020-05-06,65.2502,65.2502,64.5523,64.5523,504.1666666828
2020-05-07,64.5523,65.424,64.5523,65.0755,551.0416666843
2020-05-08,65.424,65.424,64.3766,64.3766,1271.8750000407
2020-05-11,64.5523,65.9472,64.5523,65.424,1698.9583333877
2020-05-12,65.5987,65.5987,64.5523,64.5523,1258.3333333736
2020-05-13,65.424,65.9472,64.5523,64.5523,545.8333333508
2020-05-14,65.7734,65.7734,63.6797,64.2029,2556.2500000818
2020-05-15,64.3766,65.5987,64.3766,65.0755,617.7083333531
2020-05-18,65.9472,65.9472,65.2502,65.7734,712.5000000228
2020-05-19,64.5523,65.424,64.5523,64.5523,795.8333333588
2020-05-20,64.5523,64.7261,64.2029,64.2029,783.3333333584
2020-05-21,64.7261,65.0755,64.5523,65.0755,1122.9166667026
2020-05-22,65.424,65.424,65.0755,65.0755,915.6250000293
2020-05-25,65.0755,65.9472,64.3766,64.3766,422.9166666802
2020-05-26,64.3766,65.9472,64.3766,65.9472,694.7916666889
2020-05-27,66.2966,66.2966,64.5523,65.0755,1937.500000062
2020-05-28,65.0755,65.424,64.9008,64.9008,784.3750000251
2020-05-29,65.424,65.424,64.9008,65.0755,452.0833333478
2020-06-01,65.9472,66.8198,65.424,65.7734,1146.8750000367
2020-06-02,66.1219,66.1219,64.5523,65.2502,736.4583333569
2020-06-03,65.7734,65.7734,65.2502,65.2502,3027.0833334302
2020-06-04,65.424,65.7734,65.0755,65.0755,645.833333354
2020-06-05,65.424,65.424,64.0282,64.9008,2937.500000094
2020-06-08,64.9008,64.9008,63.6797,64.5523,1946.8750000623
2020-06-09,64.5523,64.5523,63.8544,64.0282,982.2916666981
2020-06-10,64.5523,64.9008,64.3766,64.5523,364.583333345
2020-06-12,63.6797,64.5523,62.807,64.2029,5573.9583335117
2020-06-15,64.5523,64.5523,63.1565,63.8544,1318.7500000422
2020-06-16,64.0282,64.2029,63.1565,63.1565,2653.1250000849
2020-06-17,64.3766,64.7261,63.6797,64.5523,430.2083333471
2020-06-18,64.5523,64.5523,63.8544,63.8544,53.1250000017
2020-06-19,64.0282,64.7261,63.6797,63.6797,319.7916666769
2020-06-22,65.0755,65.0755,63.6797,63.6797,552.083333351
2020-06-23,64.3766,64.9008,64.3766,64.5523,391.6666666792
2020-06-24,64.5523,65.0755,64.5523,64.7261,570.8333333516
2020-06-25,64.7261,64.7261,63.8544,64.0282,296.8750000095
2020-06-26,65.0755,65.0755,64.0282,64.0282,547.9166666842
2020-06-29,64.5523,64.5523,64.3766,64.3766,85.4166666694
2020-06-30,64.5523,64.5523,63.6797,63.8544,886.4583333617
2020-07-01,64.2029,65.0755,64.0282,64.0282,1078.1250000345
2020-07-02,65.0755,65.0755,63.8544,64.5523,208.33333334
2020-07-03,64.5523,64.9008,63.8544,63.8544,444.7916666809
2020-07-06,64.9008,65.0755,63.8544,65.0755,370.8333333452
2020-07-07,64.9008,65.0755,64.5523,65.0755,321.8750000103
2020-07-08,64.7261,64.9008,63.6797,64.3766,1481.2500000474
2020-07-09,63.8544,64.5523,63.8544,64.3766,1356.2500000434
2020-07-10,64.3766,64.3766,63.6797,64.2029,376.0416666787
2020-07-13,64.3766,64.3766,63.8544,64.2029,104.16666667
2020-07-14,64.5523,64.5523,63.8544,63.8544,1134.3750000363
2020-07-15,64.5523,64.5523,63.6797,63.6797,870.8333333612
2020-07-16,64.0282,64.5523,63.6797,64.5523,165.6250000053
2020-07-17,64.0282,64.5523,63.8544,63.8544,780.2083333583
2020-07-20,64.0282,67.6925,64.0282,66.6451,4210.4166668014
2020-07-21,66.9946,66.9946,66.2966,66.6451,3836.4583334561
2020-07-22,66.6451,66.6451,66.2966,66.4714,3183.3333334352
2020-07-23,65.9472,66.6451,65.9472,66.2966,2838.5416667575
2020-07-24,66.4714,66.6451,66.2966,66.4714,1088.5416667015
2020-07-27,68.5642,68.9136,66.4714,66.8198,2261.4583334057
2020-07-28,66.8198,67.343,66.4714,66.9946,4232.2916668021
2020-07-29,67.343,67.343,66.4714,67.1693,1253.1250000401
2020-07-30,67.343,67.8662,66.6451,66.6451,2655.2083334183
2020-07-31,66.6451,67.6925,66.6451,67.6925,918.7500000294
2020-08-03,67.343,68.041,67.343,68.041,901.0416666955
2020-08-04,68.041,68.2157,67.6925,68.041,1726.0416667219
2020-08-05,68.2157,68.5642,67.6925,68.5642,1167.7083333707
2020-08-06,68.9136,70.1347,68.3904,68.9136,2126.0416667347
2020-08-07,68.9136,69.0883,68.2157,69.0883,6051.0416668603
2020-08-10,69.7853,70.4832,69.2621,70.3094,1187.500000038
2020-08-11,68.9136,70.3094,68.3904,70.3094,1322.916666709
2020-08-12,70.3094,70.3094,68.9136,69.2621,2421.8750000775
2020-08-13,69.2621,69.7853,68.9136,69.4368,776.0416666915
2020-08-14,69.4368,69.7853,68.9136,69.7853,1003.1250000321
2020-08-17,68.9136,69.7853,68.9136,69.7853,272.9166666754
2020-08-18,69.96,69.96,69.0883,69.0883,435.4166666806
2020-08-19,69.7853,69.7853,69.0883,69.0883,387.5000000124
2020-08-20,69.0883,69.6115,69.0883,69.2621,880.2083333615
2020-08-21,69.2621,69.7853,69.2621,69.7853,957.2916666973
2020-08-24,70.3094,70.3094,69.7853,69.7853,1138.5416667031
2020-08-25,70.3094,70.6589,70.1347,70.6589,2976.0416667619
2020-08-26,71.0074,71.1811,70.6589,71.1811,1915.6250000613
2020-08-27,71.3558,71.3558,70.4832,70.4832,1693.7500000542
2020-08-28,71.3558,71.5306,70.8326,71.1811,825.0000000264
2020-08-31,71.5306,72.4022,71.1811,72.4022,2304.1666667404
2020-09-01,72.4022,72.4022,71.5306,71.7043,2537.5000000812
2020-09-02,72.0538,72.0538,71.7043,71.88,1173.9583333709
2020-09-03,72.2285,73.2749,72.0538,72.7517,2126.0416667347
2020-09-04,72.4022,72.7517,70.6589,72.7517,1630.2083333855
2020-09-07,73.6234,73.6234,73.2749,73.4496,1145.83333337
2020-09-08,73.4496,73.4496,71.5306,71.7043,1653.1250000529
2020-09-09,72.4022,72.5779,71.7043,72.5779,1333.333333376
2020-09-10,72.4022,72.7517,72.4022,72.5779,1150.0000000368
2020-09-11,72.5779,72.7517,72.0538,72.2285,764.5833333578
2020-09-14,72.4022,73.2749,72.4022,73.2749,1122.9166667026
2020-09-15,73.1011,73.1011,70.6589,71.5306,2679.1666667524
2020-09-16,71.5306,73.2749,70.6589,73.2749,440.6250000141
2020-09-17,73.2749,73.2749,71.0074,72.4022,602.0833333526
2020-09-18,72.4022,72.4022,71.5306,71.5306,403.1250000129
2020-09-21,72.7517,72.9264,71.0074,71.0074,686.4583333553
2020-09-22,71.0074,71.88,71.0074,71.88,573.9583333517
2020-09-23,71.88,72.0538,71.5306,71.7043,412.5000000132
2020-09-24,71.7043,72.0538,71.5306,71.88,704.1666666892
2020-09-25,71.88,72.4022,71.7043,72.0538,648.9583333541
2020-09-28,72.4022,72.4022,72.0538,72.4022,566.6666666848
2020-09-29,72.4022,72.5779,71.7043,72.4022,754.1666666908
2020-09-30,72.0538,72.5779,72.0538,72.5779,578.1250000185
2020-10-01,72.5779,72.9264,72.4022,72.7517,1335.4166667094
2020-10-02,73.2749,73.2749,72.7517,73.2749,1232.2916667061
2020-10-05,73.2749,73.4496,72.4022,73.4496,1265.6250000405
2020-10-06,73.4496,73.4496,72.9264,73.1011,2653.1250000849
2020-10-07,73.2749,73.4496,71.88,73.1011,3293.7500001054
2020-10-08,72.9178,74.2003,69.8026,74.017,2115.6250000677
2020-10-09,72.3677,73.1011,71.4518,71.6352,1117.7083333691
2020-10-12,73.2835,73.2835,70.7194,70.9018,855.2083333607
2020-10-13,70.7194,70.7194,70.1693,70.536,1153.1250000369
2020-10-14,70.3526,70.3526,69.9859,69.9859,950.0000000304
2020-10-15,69.6192,69.6192,66.8717,67.055,1978.1250000633
2020-10-16,66.8717,67.6042,66.505,67.6042,683.3333333552
2020-10-19,67.6042,69.4368,67.6042,69.0701,177.083333339
2020-10-20,69.4368,69.6192,68.7034,68.7034,458.333333348
2020-10-21,70.3526,70.3526,67.7875,67.7875,403.1250000129
2020-10-22,67.7875,68.1542,64.4899,65.7725,3213.5416667695
2020-10-23,65.7725,66.8717,65.4058,66.3216,790.6250000253
2020-10-26,66.6883,66.8717,65.4058,65.4058,902.0833333622
2020-10-27,65.2224,65.9558,65.2224,65.2224,344.7916666777
2020-10-28,65.039,65.039,59.7264,61.009,2114.583333401
2020-10-29,61.3757,64.4899,61.1923,64.1232,710.4166666894
2020-10-30,64.1232,65.9558,62.6573,64.4899,897.9166666954
2020-11-02,63.2074,65.9558,63.2074,65.4058,607.2916666861
2020-11-03,65.9558,68.1542,65.9558,67.7875,1168.7500000374
2020-11-04,66.3216,66.3216,64.4899,65.5891,891.6666666952
2020-11-05,67.2384,68.1542,65.5891,65.9558,1298.9583333749
2020-11-06,66.1382,66.8717,65.5891,65.7725,855.2083333607
2020-11-09,66.6883,68.7034,65.4058,68.7034,3029.1666667636
2020-11-10,69.6192,71.4518,68.7034,70.9018,2027.0833333982
2020-11-12,71.2685,72.001,71.0851,71.2685,593.750000019
2020-11-13,71.4518,71.8186,70.536,70.536,339.5833333442
2020-11-16,70.536,72.001,69.8026,72.001,1215.6250000389
2020-11-17,72.1843,73.4669,70.7194,71.0851,1930.2083333951
2020-11-18,71.0851,71.6352,70.536,71.4518,260.416666675
2020-11-19,72.3677,72.3677,71.4518,71.4518,244.7916666745
2020-11-20,71.6352,71.6352,71.4518,71.6352,213.5416666735
2020-11-23,71.6352,71.6352,69.8026,70.3526,1476.0416667139
2020-11-24,70.7194,71.2685,69.6192,70.9018,1060.4166667006
2020-11-25,71.2685,71.2685,69.6192,70.536,1779.1666667236
2020-11-26,70.7194,70.9018,69.9859,70.1693,573.9583333517
2020-11-27,70.536,70.536,69.8026,70.536,128.1250000041
2020-11-30,70.536,70.9018,70.1693,70.9018,1263.5416667071
2020-12-01,70.3526,70.9018,70.1693,70.1693,955.2083333639
2020-12-02,70.9018,70.9018,70.1693,70.9018,401.0416666795
2020-12-03,70.3526,70.7194,70.3526,70.3526,373.9583333453
2020-12-04,70.536,70.9018,70.1693,70.1693,1511.4583333817
2020-12-07,70.536,70.9018,70.536,70.7194,732.2916666901
2020-12-08,69.9859,70.9018,69.9859,70.3526,365.6250000117
2020-12-09,70.1693,71.2685,69.9859,71.2685,2382.2916667429
2020-12-10,71.6352,72.001,71.2685,71.2685,1662.5000000532
2020-12-11,71.4518,71.6352,70.7194,71.0851,760.416666691
2020-12-14,71.0851,71.0851,70.3526,71.0851,1557.2916667165
2020-12-15,71.4518,71.4518,70.3526,71.4518,115.6250000037
2020-12-16,71.4518,71.4518,70.3526,71.2685,1937.500000062
2020-12-17,71.2685,71.2685,70.3526,70.536,1031.250000033
2020-12-18,71.2685,71.4518,70.9018,71.0851,615.6250000197
2020-12-21,71.2685,71.2685,69.8026,69.9859,1186.4583333713
2020-12-22,69.9859,71.4518,69.9859,71.4518,926.0416666963
2020-12-23,71.4518,71.4518,70.1693,70.7194,650.0000000208
2020-12-28,71.4518,71.8186,70.3526,70.536,2629.1666667508
2020-12-29,71.0851,72.001,71.0851,71.8186,1093.750000035
2020-12-30,71.8186,72.001,71.4518,71.4518,867.7083333611
2021-01-04,72.001,73.2835,71.4518,72.7344,1167.7083333707
2021-01-05,72.3677,73.6502,72.3677,72.9178,2758.3333334216
2021-01-07,74.017,76.9478,73.4669,76.5821,4120.8333334652
2021-01-08,76.7645,76.7645,75.4819,76.3987,926.0416666963
2021-01-11,75.8486,76.5821,74.7494,74.7494,1765.6250000565
2021-01-12,75.6653,76.5821,75.2995,75.2995,1306.2500000418
2021-01-13,76.032,76.2154,74.7494,75.8486,727.0833333566
2021-01-14,75.4819,76.032,75.1162,75.1162,880.2083333615
2021-01-15,75.4819,76.032,75.4819,75.4819,471.8750000151
2021-01-18,75.6653,76.032,74.3827,76.032,2384.3750000763
2021-01-19,76.032,76.032,75.2995,75.4819,159.3750000051
2021-01-20,76.2154,76.2154,75.1162,75.6653,434.3750000139
2021-01-21,75.8486,76.032,74.9328,75.2995,283.3333333424
2021-01-22,75.8486,75.8486,74.9328,75.8486,218.750000007
2021-01-25,75.2995,75.4819,75.2995,75.2995,431.2500000138
2021-01-26,75.1162,75.4819,74.9328,75.1162,881.2500000282
2021-01-27,75.1162,75.8486,74.2003,75.1162,672.9166666882
2021-01-28,75.8486,75.8486,73.6502,74.2003,329.1666666772
2021-01-29,74.3827,74.5661,74.3827,74.5661,203.1250000065
2021-02-01,74.3827,74.7494,74.3827,74.7494,1082.2916667013
2021-02-02,74.7494,74.7494,74.5661,74.7494,491.6666666824
2021-02-03,74.5661,75.1162,74.2003,74.7494,1785.4166667238
2021-02-04,74.5661,75.6653,74.2003,74.7494,412.5000000132
2021-02-05,74.7494,74.7494,74.2003,74.7494,143.7500000046
2021-02-08,75.4819,76.032,74.7494,76.032,1175.0000000376
2021-02-09,76.032,76.032,75.1162,75.1162,736.4583333569
2021-02-10,75.1162,76.032,75.1162,75.1162,351.0416666779
2021-02-11,75.8486,76.032,75.8486,76.032,1142.7083333699
2021-02-12,76.032,77.6813,76.032,76.9478,1814.5833333914
2021-02-15,76.9478,77.4979,76.9478,77.1312,687.500000022
2021-02-16,77.4979,77.4979,77.3146,77.3146,744.7916666905
2021-02-17,77.1312,77.1312,76.7645,76.7645,522.9166666834
2021-02-18,76.7645,76.9478,76.7645,76.9478,248.9583333413
2021-02-19,77.4979,77.4979,76.2154,76.2154,327.0833333438
2021-02-22,76.5821,76.5821,76.2154,76.2154,158.3333333384
2021-02-23,76.2154,76.5821,75.4819,75.4819,931.2500000298
2021-02-24,75.8486,75.8486,75.2995,75.6653,179.1666666724
2021-02-25,76.032,76.2154,75.1162,75.2995,619.7916666865
2021-02-26,75.1162,75.2995,74.2003,74.2003,1119.7916667025
2021-03-01,76.032,76.032,74.9328,76.032,461.4583333481
2021-03-02,76.032,76.032,74.9328,74.9328,1432.2916667125
2021-03-03,75.2995,75.2995,74.7494,74.7494,475.0000000152
2021-03-04,74.9328,75.8486,74.3827,75.1162,421.8750000135
2021-03-05,75.1162,75.1162,74.2003,74.2003,4619.7916668145
2021-03-08,74.2003,74.7494,73.6502,73.8336,4831.2500001546
2021-03-09,73.8336,74.5661,73.6502,74.5661,588.5416666855
2021-03-10,74.5661,74.9328,74.3827,74.5661,172.9166666722
2021-03-11,74.3827,75.1162,74.2003,74.7494,268.7500000086
2021-03-12,75.1162,75.8486,74.7494,74.7494,171.8750000055
2021-03-15,75.1162,75.1162,74.5661,74.5661,666.666666688
2021-03-16,74.9328,75.1162,74.2003,74.5661,1104.166666702
2021-03-17,75.1162,75.1162,74.3827,74.9328,316.6666666768
2021-03-18,75.1162,75.4819,75.1162,75.1162,367.7083333451
2021-03-19,75.2995,75.8486,75.1162,75.4819,258.3333333416
2021-03-22,75.4819,75.8486,74.5661,75.4819,803.1250000257
2021-03-23,75.4819,76.3987,74.5661,75.1162,4764.5833334858
2021-03-24,76.032,76.032,74.3827,74.5661,6698.9583335477
2021-03-25,74.5661,74.9328,74.2003,74.9328,447.916666681
2021-03-26,74.9328,75.1162,74.2003,74.9328,419.7916666801
2021-03-29,75.1162,75.1162,74.2003,74.5661,7015.6250002245
2021-03-30,74.5661,74.5661,73.8336,74.2003,5714.5833335162
2021-03-31,74.3827,74.5661,73.6502,74.017,1084.3750000347
2021-04-01,74.5661,74.5661,74.3827,74.5661,19.7916666673
2021-04-06,74.5661,74.5661,73.8336,74.5661,1478.1250000473
2021-04-07,74.5661,74.5661,74.2003,74.5661,428.1250000137
2021-04-08,74.5661,74.5661,74.3827,74.5661,132.2916666709
2021-04-09,74.5661,74.5661,74.3827,74.5661,391.6666666792
2021-04-12,74.5661,74.5661,74.2003,74.5661,1050.0000000336
2021-04-13,74.3827,74.5661,74.2003,74.2003,503.1250000161
2021-04-14,74.2003,74.5661,74.017,74.2003,2045.8333333988
2021-04-15,74.5661,74.5661,73.8336,73.8336,637.5000000204
2021-04-16,74.2003,74.5661,74.2003,74.3827,846.8750000271
2021-04-19,74.3827,74.5661,74.3827,74.3827,1121.8750000359
2021-04-20,74.5661,74.9328,74.2003,74.2003,777.0833333582
2021-04-21,74.3827,74.5661,74.2003,74.2003,692.7083333555
2021-04-22,74.2003,74.5661,74.017,74.5661,453.1250000145
2021-04-23,74.5661,74.5661,74.2003,74.2003,7923.9583335869
2021-04-26,74.3827,74.5661,74.017,74.5661,390.6250000125
2021-04-27,74.2003,74.5661,74.2003,74.3827,684.3750000219
2021-04-28,74.5661,74.5661,74.2003,74.3827,1279.1666667076
2021-04-29,74.5661,74.5661,74.3827,74.5661,648.9583333541
2021-04-30,74.5661,74.5661,74.3827,74.5661,168.7500000054
2021-05-04,74.3827,75.4819,74.2003,75.2995,1119.7916667025
2021-05-05,75.4819,75.4819,74.9328,75.4819,2796.8750000895
2021-05-06,75.4819,75.4819,74.5661,75.4819,12920.833333747
2021-05-07,75.2995,75.4819,74.7494,75.4819,1842.7083333923
2021-05-10,75.4819,75.4819,75.2995,75.2995,1617.7083333851
2021-05-11,75.4819,75.4819,74.2003,74.2003,2065.6250000661
2021-05-12,75.1162,75.1162,74.5661,75.1162,1238.5416667063
2021-05-13,75.1162,75.1162,74.5661,74.9328,658.3333333544
2021-05-14,74.9328,75.1162,74.9328,75.1162,433.3333333472
2021-05-17,75.4819,75.4819,74.9328,75.2995,1615.6250000517
2021-05-18,75.2995,75.4819,75.1162,75.1162,656.250000021
2021-05-19,75.1162,75.1162,74.3827,75.1162,1169.7916667041
2021-05-20,75.1162,75.2995,74.5661,74.5661,727.0833333566
2021-05-21,74.5661,75.4819,74.5661,74.7494,709.3750000227
2021-05-24,75.2995,75.2995,75.1162,75.2995,422.9166666802
2021-05-25,75.1162,75.4819,75.1162,75.1162,806.2500000258
2021-05-26,75.4819,75.4819,74.9328,74.9328,180.2083333391
2021-05-27,75.8486,76.9478,75.2995,76.032,527.0833333502
2021-05-28,77.3146,77.3146,75.8486,76.032,1935.4166667286
2021-05-31,76.032,77.8637,76.032,77.4979,1150.0000000368
2021-06-01,77.4979,77.6813,76.9478,76.9478,572.916666685
2021-06-02,76.9478,76.9478,75.1162,76.9478,782.2916666917
2021-06-04,76.7645,77.3146,76.032,77.3146,163.5416666719
2021-06-07,77.3146,77.3146,76.3987,76.3987,232.2916666741
2021-06-08,76.9478,77.1312,74.5661,77.1312,2459.3750000787
2021-06-09,76.7645,76.7645,76.032,76.2154,129.1666666708
2021-06-10,76.2154,76.2154,75.1162,76.2154,637.5000000204
2021-06-11,75.8486,76.032,74.9328,75.8486,1309.3750000419
2021-06-14,75.6653,75.6653,74.7494,75.1162,3336.4583334401
2021-06-15,75.1162,76.032,74.7494,75.1162,668.7500000214
2021-06-16,75.1162,75.8486,74.7494,74.7494,381.2500000122
2021-06-17,75.8486,75.8486,73.6502,74.9328,1813.5416667247
2021-06-18,75.1162,75.1162,74.5661,74.5661,190.6250000061
2021-06-21,74.5661,75.4819,74.2003,74.9328,1065.6250000341
2021-06-22,74.9328,74.9328,74.3827,74.5661,262.5000000084
2021-06-23,74.7494,75.8486,74.7494,75.1162,663.5416666879
2021-06-24,75.1162,75.8486,74.9328,75.6653,329.1666666772
2021-06-25,75.8486,75.8486,74.9328,75.1162,922.9166666962
2021-06-28,75.4819,76.032,75.1162,75.1162,1114.583333369
2021-06-29,74.7494,75.1162,74.7494,74.7494,522.9166666834
2021-06-30,74.7494,75.1162,74.5661,74.7494,701.0416666891
2021-07-01,75.1162,75.1162,74.3827,74.3827,681.2500000218
2021-07-02,75.1162,75.1162,75.1162,75.1162,447.916666681
2021-07-05,75.4819,75.4819,74.017,74.7494,617.7083333531
2021-07-06,75.1162,75.6653,74.7494,75.6653,260.416666675
2021-07-07,74.5661,75.1162,74.5661,75.1162,378.1250000121
2021-07-08,75.1162,75.1162,74.5661,75.1162,342.7083333443
2021-07-09,75.1162,75.1162,74.7494,75.1162,69.7916666689
2021-07-12,75.1162,75.6653,74.7494,75.1162,742.7083333571
2021-07-13,75.1162,75.4819,75.1162,75.4819,77.0833333358
2021-07-14,75.4819,75.4819,74.5661,74.7494,114.583333337
2021-07-15,74.9328,75.1162,74.2003,74.9328,1601.0416667179
2021-07-16,74.2003,74.2003,74.2003,74.2003,1973.9583333965
2021-07-19,74.2003,74.2003,73.8336,73.8336,1370.8333333772
2021-07-20,73.8336,74.2003,73.8336,73.8336,992.7083333651
2021-07-21,74.2003,74.3827,74.017,74.3827,656.250000021
2021-07-22,74.2003,74.2003,74.017,74.017,1009.3750000323
2021-07-23,74.2003,74.2003,74.017,74.017,1020.833333366
2021-07-26,74.2003,74.2003,69.8026,74.2003,5336.4583335041
2021-07-27,74.2003,74.2003,73.8336,74.2003,225.0000000072
2021-07-28,74.2003,74.2003,73.8336,74.2003,754.1666666908
2021-07-29,74.2003,74.3827,73.8336,74.017,652.0833333542
2021-07-30,74.017,74.5661,74.017,74.5661,462.5000000148
2021-08-02,74.5661,75.2995,74.5661,75.2995,2892.7083334259
2021-08-03,75.2995,75.8486,74.7494,75.8486,450.0000000144
2021-08-04,75.8486,75.8486,74.7494,75.2995,1610.4166667182
2021-08-05,75.1162,75.1162,74.7494,74.7494,934.3750000299
2021-08-06,75.1162,75.1162,74.2003,74.2003,1084.3750000347
2021-08-09,75.8486,75.8486,74.3827,74.5661,1289.5833333746
2021-08-10,74.9328,75.1162,74.9328,74.9328,1404.1666667116
2021-08-11,75.1162,75.1162,74.3827,75.1162,867.7083333611
2021-08-12,75.8486,75.8486,74.5661,74.5661,1375.000000044
2021-08-13,75.6653,75.6653,74.2003,74.2003,2984.3750000955
2021-08-16,74.9328,75.1162,73.8336,74.2003,2189.5833334034
2021-08-17,74.2003,74.9328,74.2003,74.2003,1114.583333369
2021-08-18,74.7494,74.7494,73.8336,74.3827,1784.3750000571
2021-08-19,74.3827,74.7494,73.8336,74.2003,1479.166666714
2021-08-20,74.3827,74.3827,74.2003,74.2003,3984.3750001275
2021-08-23,74.9328,75.1162,74.017,74.017,1391.6666667112
2021-08-24,74.3827,74.3827,74.017,74.3827,1251.0416667067
2021-08-25,74.3827,74.3827,74.2003,74.2003,1005.2083333655
2021-08-26,74.7494,74.7494,74.2003,74.2003,1491.6666667144
2021-08-27,74.7494,74.7494,74.2003,74.2003,2357.2916667421
2021-08-30,75.1162,75.1162,74.2003,74.5661,5834.3750001867
2021-08-31,74.7494,74.7494,74.2003,74.5661,4506.2500001442
2021-09-01,74.5661,74.5661,74.2003,74.2003,3098.9583334325
2021-09-02,74.2003,74.2003,74.017,74.2003,1290.6250000413
2021-09-03,74.5661,74.5661,73.8336,74.3827,4351.0416668059
2021-09-06,74.5661,75.1162,74.2003,75.1162,2465.6250000789
2021-09-07,74.9328,74.9328,74.5661,74.5661,1088.5416667015
2021-09-08,74.5661,76.032,74.3827,76.032,2075.0000000664
2021-09-09,75.1162,75.8486,75.1162,75.1162,5614.583333513
2021-09-10,75.8486,75.8486,74.5661,74.5661,3775.0000001208
2021-09-13,75.2995,76.7645,75.1162,75.4819,13825.000000442
2021-09-14,76.9478,77.6813,75.4819,76.5821,8103.1250002593
2021-09-15,76.5821,76.7645,74.3827,75.6653,11314.583333695
2021-09-16,75.1162,76.032,75.1162,76.032,5520.83333351
2021-09-17,77.568,77.568,76.608,77.184,2351.0416667419
2021-09-20,77.184,77.184,75.072,76.032,2840.6250000909
2021-09-21,76.608,76.8,75.84,75.84,1129.1666667028
2021-09-22,76.224,76.416,75.84,76.416,573.9583333517
2021-09-23,76.608,76.8,75.648,75.648,1296.8750000415
2021-09-24,75.84,76.224,75.84,75.84,629.1666666868
2021-09-27,76.032,76.8,73.92,75.648,2611.4583334169
2021-09-28,75.84,76.032,75.264,75.84,870.8333333612
2021-09-29,75.84,75.84,75.264,75.456,989.583333365
2021-09-30,75.456,75.456,75.072,75.264,600.0000000192
2021-10-01,75.072,75.648,75.072,75.264,179.1666666724
2021-10-04,76.032,76.224,75.072,75.264,953.1250000305
2021-10-05,76.224,76.224,74.88,75.072,1901.0416667275
2021-10-06,75.072,75.84,75.072,75.648,919.7916666961
2021-10-07,75.84,75.84,75.456,75.84,1305.2083333751
2021-10-08,76.032,76.224,75.648,75.84,577.0833333518
2021-10-11,76.032,76.032,75.456,75.84,1534.3750000491
2021-10-12,76.032,76.032,75.456,75.456,560.4166666846
2021-10-13,76.032,76.032,75.456,75.648,1722.9166667218
2021-10-14,77.376,77.376,74.88,75.456,6039.5833335266
2021-10-15,75.456,75.456,74.88,74.88,910.4166666958
2021-10-18,74.304,75.072,74.304,74.496,1777.0833333902
2021-10-19,75.072,75.072,74.304,75.072,1079.1666667012
2021-10-20,74.304,75.456,74.112,74.88,1800.0000000576
2021-10-21,74.688,75.456,74.112,74.304,1064.5833333674
2021-10-22,74.88,75.264,74.112,74.88,886.4583333617
2021-10-25,74.88,75.264,74.112,74.88,1183.3333333712
2021-10-26,75.072,75.072,74.112,74.112,2446.8750000783
2021-10-27,74.112,74.88,73.92,73.92,4144.7916667993
2021-10-28,73.92,73.92,73.728,73.728,2353.1250000753
2021-10-29,74.88,74.88,73.728,74.112,206.2500000066
2021-11-02,74.88,75.456,73.728,73.728,1146.8750000367
2021-11-03,73.92,74.304,73.728,73.92,1742.7083333891
2021-11-04,74.496,74.496,72.192,72.96,5497.9166668426
2021-11-05,73.728,74.88,73.728,73.92,1885.416666727
2021-11-08,74.688,74.88,74.496,74.688,1212.5000000388
2021-11-09,74.88,74.88,73.344,73.728,900.0000000288
2021-11-10,73.728,74.88,73.536,73.728,971.8750000311
2021-11-12,74.688,74.88,72.96,72.96,1655.2083333863
2021-11-15,74.304,75.648,73.152,74.88,2063.5416667327
2021-11-16,74.88,74.88,74.112,74.112,1102.0833333686
2021-11-17,74.112,74.112,71.808,72.96,7276.0416668995
2021-11-18,73.152,73.152,72,72.768,2302.083333407
2021-11-19,73.344,74.304,72,74.304,982.2916666981
2021-11-22,72.192,74.112,72.192,73.728,768.7500000246
2021-11-23,73.92,74.112,72.192,72.384,318.7500000102
2021-11-24,72.768,73.92,72.768,72.96,243.7500000078
2021-11-25,74.112,74.112,72.96,72.96,81.2500000026
2021-11-26,74.112,74.112,72,72,4236.4583334689
2021-11-29,72,72.768,70.08,72.768,2457.2916667453
2021-11-30,72.96,72.96,71.04,72.576,1254.1666667068
2021-12-01,72.384,72.96,72.384,72.96,290.6250000093
2021-12-02,72.96,73.92,72.96,72.96,1504.1666667148
2021-12-03,73.92,73.92,72.96,73.92,306.2500000098
2021-12-06,73.92,73.92,72,73.728,2271.8750000727
2021-12-07,73.728,73.728,72.768,73.344,1211.4583333721
2021-12-08,73.728,73.92,72.768,72.768,1489.583333381
2021-12-09,72.96,73.536,72.384,73.152,734.3750000235
2021-12-10,73.344,73.344,72,72.768,1679.1666667204
2021-12-13,72.768,73.344,72,73.344,871.8750000279
2021-12-14,73.536,73.728,72.768,73.728,695.8333333556
2021-12-15,73.92,73.92,72,73.92,1518.7500000486
2021-12-16,72.576,73.728,72.576,72.768,500.000000016
2021-12-17,73.536,73.536,72,72.768,1713.5416667215
2021-12-20,72,72.576,70.08,71.808,2764.5833334218
2021-12-21,72,72,71.616,71.808,1848.9583333925
2021-12-22,72.768,72.96,71.232,71.424,1112.5000000356
2021-12-23,71.424,71.808,70.848,71.232,1957.2916667293
2021-12-27,71.232,71.424,70.272,70.464,4300.0000001376
2021-12-28,70.464,71.04,70.08,71.04,4732.2916668181
2021-12-29,71.04,72,69.888,71.04,1559.3750000499
2021-12-30,71.04,71.04,69.888,71.04,4091.6666667976
2022-01-03,71.04,71.04,70.272,70.272,2925.0000000936
2022-01-04,70.08,71.04,70.08,71.04,1023.9583333661
2022-01-05,71.04,72,70.08,71.04,2072.916666733
2022-01-07,71.616,71.616,70.656,71.04,973.9583333645
2022-01-10,71.232,72,70.656,71.808,767.7083333579
2022-01-11,71.04,72,70.848,72,776.0416666915
2022-01-12,72,72.96,72,72,1012.5000000324
2022-01-13,72.384,72.768,72.384,72.384,594.7916666857
2022-01-14,72.768,72.96,72.384,72.384,445.8333333476
2022-01-17,72.384,72.96,72.384,72.576,620.8333333532
2022-01-18,72.384,72.576,72.192,72.192,329.1666666772
2022-01-19,72.768,72.768,71.808,71.808,467.7083333483
2022-01-20,72.576,72.96,72,72.192,271.8750000087
2022-01-21,72,72.192,70.848,72,845.8333333604
2022-01-24,71.808,71.808,69.504,69.504,3087.5000000988
2022-01-25,69.12,71.808,69.12,71.232,1550.0000000496
2022-01-26,71.232,71.808,71.232,71.232,391.6666666792
2022-01-27,71.232,71.232,69.12,69.12,8043.7500002574
2022-01-28,69.888,70.08,69.12,69.696,968.750000031
2022-01-31,70.656,70.656,69.888,70.08,420.8333333468
2022-02-01,70.08,70.464,67.008,68.928,7903.1250002529
2022-02-02,69.888,69.888,68.736,69.696,385.416666679
2022-02-03,69.696,69.888,68.16,68.928,2248.9583334053
2022-02-04,68.928,69.12,67.2,67.968,3153.1250001009
2022-02-07,68.16,68.928,68.16,68.16,814.5833333594
2022-02-08,68.736,68.736,67.968,68.16,979.166666698
2022-02-09,68.16,68.928,67.776,67.776,2105.2083334007
2022-02-10,68.736,68.928,67.2,67.392,3162.5000001012
2022-02-11,67.968,67.968,67.2,67.584,1416.666666712
2022-02-14,67.392,67.392,66.816,67.008,1404.1666667116
2022-02-15,67.392,67.776,66.816,67.392,1183.3333333712
2022-02-16,67.584,67.776,67.008,67.776,1155.2083333703
2022-02-17,67.968,67.968,67.2,67.776,387.5000000124
2022-02-18,67.2,68.16,67.2,68.16,529.1666666836
2022-02-21,68.16,68.544,67.008,67.2,645.833333354
2022-02-22,67.008,67.008,66.24,66.24,3348.9583334405
2022-02-23,66.624,68.736,66.24,68.736,431.2500000138
2022-02-24,65.28,67.008,63.36,65.28,4114.583333465
2022-02-25,67.2,70.08,65.28,68.928,3558.3333334472
2022-02-28,68.736,68.736,68.16,68.16,347.9166666778
2022-03-01,68.16,68.736,67.2,67.2,544.7916666841
2022-03-02,67.2,69.12,66.24,67.584,217.7083333403
2022-03-03,68.928,69.12,68.16,68.928,362.5000000116
2022-03-04,69.12,69.312,67.2,68.16,1618.7500000518
2022-03-07,69.12,69.12,66.24,67.776,1728.1250000553
2022-03-08,67.2,67.2,65.856,67.008,2147.9166667354
2022-03-09,67.2,68.736,67.2,67.392,2929.1666667604
2022-03-10,67.584,67.584,66.816,67.392,468.750000015
2022-03-11,67.392,68.544,66.816,67.968,1336.4583333761
2022-03-14,67.968,67.968,66.816,67.2,942.7083333635
2022-03-15,67.2,67.968,66.816,67.2,538.5416666839
2022-03-16,68.736,68.736,67.2,67.2,1000.000000032
2022-03-17,68.544,68.544,67.2,67.2,1576.0416667171
2022-03-18,67.776,67.776,66.24,66.24,1690.6250000541
2022-03-21,66.24,68.16,66.24,68.16,1493.7500000478
2022-03-22,67.776,68.352,66.432,67.2,719.7916666897
2022-03-23,67.968,68.16,67.008,67.2,833.33333336
2022-03-24,67.776,68.16,67.008,67.2,1139.5833333698
2022-03-25,67.2,67.776,67.008,67.776,353.1250000113
2022-03-28,67.2,67.776,66.816,66.816,296.8750000095
2022-03-29,67.392,68.16,66.24,66.24,1687.500000054
2022-03-30,66.816,67.2,66.24,66.816,1898.9583333941
2022-03-31,67.2,67.2,66.432,67.2,484.3750000155
2022-04-01,67.2,67.2,65.088,65.28,7419.7916669041
2022-04-04,66.24,67.008,66.048,66.048,383.3333333456
2022-04-05,66.816,67.2,65.28,66.24,1836.4583333921
2022-04-06,66.624,66.624,65.472,65.664,257.2916666749
2022-04-07,66.24,66.24,65.28,66.048,1211.4583333721
2022-04-08,66.048,66.048,65.28,65.856,1126.0416667027
2022-04-11,65.856,65.856,64.128,65.28,3376.0416667747
2022-04-12,65.28,65.28,64.32,64.704,3751.0416667867
2022-04-13,64.32,65.088,64.32,64.704,1108.3333333688
2022-04-14,64.512,64.704,64.32,64.704,366.6666666784
2022-04-19,64.704,64.704,63.36,64.128,3040.6250000973
2022-04-20,64.32,65.28,64.128,65.088,561.4583333513
2022-04-21,65.088,65.664,65.088,65.28,303.1250000097
2022-04-22,65.28,65.28,64.32,64.704,561.4583333513
2022-04-25,64.896,65.088,64.32,64.32,622.9166666866
2022-04-26,64.32,66.624,64.128,64.32,766.6666666912
2022-04-27,64.32,64.896,63.36,64.128,1498.9583333813
2022-04-28,64.128,66.048,64.128,65.472,1006.2500000322
2022-04-29,65.856,65.856,64.704,65.856,498.9583333493
2022-05-02,66.432,66.432,64.704,64.704,93.750000003
2022-05-04,64.32,65.856,63.936,65.472,552.083333351
2022-05-05,66.432,66.432,65.472,66.048,350.0000000112
2022-05-06,66.24,66.24,64.704,66.24,382.2916666789
2022-05-09,66.24,66.24,65.28,66.24,264.5833333418
2022-05-10,66.432,66.432,63.936,65.088,1457.2916667133
2022-05-11,64.896,65.088,63.936,64.704,362.5000000116
2022-05-12,64.32,64.704,63.36,64.32,1977.0833333966
2022-05-13,64.32,64.896,63.552,64.128,143.7500000046
2022-05-16,64.32,64.896,64.32,64.896,193.7500000062
2022-05-17,66.24,66.24,64.896,64.896,2480.2083334127
2022-05-18,65.28,65.664,65.28,65.472,359.3750000115
2022-05-19,65.472,65.856,64.512,64.896,256.2500000082
2022-05-20,65.856,65.856,65.472,65.664,231.2500000074
2022-05-23,65.28,65.856,64.32,64.704,1067.7083333675
2022-05-24,64.704,64.704,64.32,64.512,1063.5416667007
2022-05-25,64.512,64.512,64.32,64.32,232.2916666741
2022-05-26,64.32,64.512,64.128,64.512,260.416666675
2022-05-27,64.32,64.512,64.128,64.32,373.9583333453
2022-05-30,64.32,64.32,63.936,64.32,521.8750000167
2022-05-31,64.512,64.512,63.36,63.744,3097.9166667658
2022-06-01,63.552,63.744,62.976,63.168,487.5000000156
2022-06-02,63.552,63.744,63.36,63.744,756.2500000242
2022-06-03,63.36,63.744,62.976,63.744,892.7083333619
2022-06-06,63.36,63.744,62.4,62.4,2357.2916667421
2022-06-07,62.592,62.592,62.208,62.592,739.583333357
2022-06-08,63.168,63.168,62.208,62.4,464.5833333482
2022-06-09,62.976,62.976,62.208,62.784,770.833333358
2022-06-10,62.784,62.976,62.4,62.976,131.2500000042
2022-06-13,62.4,62.784,62.208,62.4,150.0000000048
2022-06-14,62.4,62.784,62.208,62.208,136.4583333377
2022-06-15,62.592,62.592,57.792,61.824,3008.3333334296
2022-06-17,61.824,62.208,61.44,62.016,305.2083333431
2022-06-20,61.248,61.824,60.864,60.864,371.8750000119
2022-06-21,61.44,62.784,61.44,62.784,361.4583333449
2022-06-22,62.784,62.784,61.056,62.4,329.1666666772
2022-06-23,62.4,62.784,60.672,62.784,828.1250000265
2022-06-24,61.44,62.4,61.44,61.44,253.1250000081
2022-06-27,62.4,62.976,62.4,62.4,97.9166666698
2022-06-28,62.4,62.4,61.44,62.4,185.4166666726
2022-06-29,62.4,62.4,62.208,62.4,568.7500000182
2022-06-30,62.4,62.4,61.824,62.208,69.7916666689
2022-07-01,62.208,62.208,61.632,62.208,387.5000000124
2022-07-04,61.44,62.592,60.48,62.4,425.0000000136
2022-07-05,62.4,62.592,61.44,62.4,115.6250000037
2022-07-06,62.4,62.592,60.48,60.48,989.583333365
2022-07-07,60.48,62.016,60.288,61.824,1908.3333333944
2022-07-08,61.824,62.016,60.864,62.016,281.250000009
2022-07-11,61.44,62.016,60.672,60.864,738.5416666903
2022-07-12,61.44,61.632,61.44,61.44,82.2916666693
2022-07-13,60.864,61.44,60.672,61.44,147.9166666714
2022-07-14,60.672,62.016,60.672,62.016,233.3333333408
2022-07-15,62.016,62.016,60.864,61.44,555.2083333511
2022-07-18,61.824,61.824,61.056,61.632,336.4583333441
2022-07-19,61.632,61.632,61.632,61.632,79.1666666692
2022-07-20,61.632,61.632,61.248,61.632,57.2916666685
2022-07-21,61.824,61.824,61.056,61.056,340.6250000109
2022-07-22,61.44,61.44,60.864,61.44,1640.6250000525
2022-07-25,61.44,61.44,61.44,61.44,62.500000002
2022-07-26,61.44,61.44,60.288,60.288,2463.5416667455
2022-07-27,60.288,60.48,59.904,60.48,881.2500000282
2022-07-28,60.48,60.672,60.096,60.288,1294.7916667081
2022-07-29,60.48,60.672,60.096,60.288,1591.6666667176
2022-08-01,60.48,61.056,60.096,60.288,1308.3333333752
2022-08-02,60.672,60.672,60.096,60.096,675.0000000216
2022-08-03,60.48,60.48,59.52,59.712,868.7500000278
2022-08-04,60.48,60.48,59.904,60.096,384.3750000123
2022-08-05,60.288,60.288,59.712,60.288,458.333333348
2022-08-08,60.48,60.672,60.096,60.288,673.9583333549
2022-08-09,60.672,60.672,60.096,60.288,1152.0833333702
2022-08-10,60.288,60.288,59.712,60.288,401.0416666795
2022-08-11,60.288,60.864,59.136,59.52,1198.9583333717
2022-08-12,59.328,60.096,59.328,60.096,551.0416666843
2022-08-16,60.096,60.288,59.904,60.288,742.7083333571
2022-08-17,60.288,60.288,59.712,60.288,382.2916666789
2022-08-18,60.48,60.48,59.52,59.904,631.2500000202
2022-08-19,60.096,60.48,59.52,60.096,1158.3333333704
2022-08-22,60.096,60.096,59.712,59.904,264.5833333418
2022-08-23,60.096,60.48,59.712,60.288,367.7083333451
2022-08-24,60.672,60.672,58.944,59.712,742.7083333571
2022-08-25,60.096,60.096,58.176,59.712,1722.9166667218
2022-08-26,59.904,59.904,58.752,59.52,344.7916666777
2022-08-29,58.944,59.52,58.176,58.368,926.0416666963
2022-08-30,58.176,59.328,58.176,58.752,146.8750000047
2022-08-31,58.944,59.136,58.56,58.56,567.7083333515
2022-09-01,58.56,59.136,57.408,58.56,1469.7916667137
2022-09-02,58.56,58.56,57.6,58.56,543.7500000174
2022-09-05,58.56,58.56,57.6,58.56,534.3750000171
2022-09-06,58.56,58.56,57.408,57.6,2527.0833334142
2022-09-07,57.6,57.6,57.408,57.408,200.0000000064
2022-09-08,57.792,58.176,57.6,57.6,526.0416666835
2022-09-09,58.56,59.52,57.216,57.408,879.1666666948
2022-09-12,57.984,58.56,57.408,57.6,540.6250000173
2022-09-13,57.984,59.712,57.6,57.6,1159.3750000371
2022-09-14,57.408,57.792,57.216,57.792,458.333333348
2022-09-15,58.176,58.176,57.408,57.408,586.4583333521
2022-09-16,57.408,57.6,57.024,57.6,663.5416666879
2022-09-19,57.6,57.6,57.216,57.6,360.4166666782
2022-09-20,58,62.4,58,58,1168
2022-09-21,59.8,59.8,57.8,57.8,534
2022-09-22,58,58.4,57.6,57.6,1128
2022-09-23,58,58,56,57,283
2022-09-26,57,57,53.2,55.8,3899
2022-09-27,55.8,56,55,55.8,235
2022-09-28,55.8,55.8,54.6,55.2,686
2022-09-29,55,55.4,54.6,54.6,642
2022-09-30,54.4,55.8,54.4,54.8,1708
2022-10-03,55,55,54.2,54.2,545
2022-10-04,54.4,55,54,54.2,1165
2022-10-05,53.8,54.6,53.6,53.8,1808
2022-10-06,54.2,54.2,54,54,669
2022-10-07,54.4,54.4,53.8,54,228
2022-10-10,54.4,54.4,53.8,53.8,1108
2022-10-11,53.6,53.6,53.4,53.4,893
2022-10-12,53.8,53.8,53,53,2264
2022-10-13,53.2,53.8,52.8,53.8,736
2022-10-14,53,54.4,52.8,53,1273
2022-10-17,53.2,54,53,53.6,889
2022-10-18,53.2,53.2,52,52,3242
2022-10-19,52,52.2,51.8,52.2,538
2022-10-20,52.2,52.2,51.2,52.2,1397
2022-10-21,51.6,52,51.4,51.4,461
2022-10-24,51.2,52,51.2,52,166
2022-10-25,52,52.2,50,50.2,2301
2022-10-26,50,50.8,50,50,1330
2022-10-27,51.2,51.2,49.8,49.8,1612
2022-10-28,49.8,50.4,49.7,49.8,861
2022-10-31,50.2,51,50.2,50.4,1758
2022-11-02,51.2,51.2,49.8,49.8,2990
2022-11-03,50,51,49.9,50.2,710
2022-11-04,51.2,51.2,49.9,50.2,2260
2022-11-07,51.2,51.2,49.9,49.9,1953
2022-11-08,50.2,50.2,49.9,50,952
2022-11-09,50.4,50.4,49.8,50,2720
2022-11-10,50.4,50.4,49.9,50.2,2091
2022-11-14,50.4,50.6,49.8,50.4,66200
2022-11-15,50.4,50.6,50,50.2,1591
2022-11-16,50,50.6,50,50.6,490
2022-11-17,50.8,51.2,50,50.6,52097
2022-11-18,50.8,50.8,50.2,50.6,460
2022-11-21,50.6,50.6,50.2,50.2,583
2022-11-22,50.6,50.6,50,50,1373
2022-11-23,50.2,50.4,50.2,50.4,381
2022-11-24,50.4,50.4,50,50,2651
2022-11-25,50.4,50.4,49.9,50.2,1128
2022-11-28,50.4,50.4,49.8,50,1249
2022-11-29,50,50.2,49.9,49.9,4118
2022-11-30,50,50.2,50,50.2,1202
2022-12-01,50.2,50.6,49.8,50.2,2538
2022-12-02,51,51,49.8,49.9,1832
2022-12-05,50.2,50.4,49.8,50.2,1935
2022-12-06,50.2,50.4,49.9,50,1780
2022-12-07,50,50.4,50,50.4,925
2022-12-08,50.4,50.4,50,50.2,914
2022-12-09,50.2,50.2,50,50.2,2559
2022-12-12,50,50.2,49.9,50.2,31871
2022-12-13,50.4,53.2,50,52.8,66113
2022-12-14,53.4,53.8,52.4,53.2,103113
2022-12-15,53,53.8,52.6,52.6,16329
2022-12-16,53,55.6,53,53.8,12058
2022-12-19,54,55,53.6,54.6,1105
2022-12-20,55,56,54.6,55.6,1557
2022-12-21,55.8,57.6,55.6,57.4,1673
2022-12-22,57.4,58,57,57,686
2022-12-23,57,57.2,53,55,3561
2022-12-27,56,56,54,55,1610
2022-12-28,55,55,53.2,53.2,2750
2022-12-29,54,54.8,53.8,54.4,816
2022-12-30,54.2,54.6,54,54.6,517
2023-01-02,55,58,54.8,57.6,834
2023-01-03,56.2,57.8,56.2,57,938
2023-01-04,57.6,59,57,59,1492
2023-01-05,58,59.8,58,58.6,1266
2023-01-09,59,60,58,60,857
2023-01-10,60,60.6,59.2,59.2,653
2023-01-11,59,59.2,57.4,58.4,644
2023-01-12,59,60.2,59,59.8,710
2023-01-13,60,60,59,59.8,1180
2023-01-16,59.8,61,59.6,60.8,332
2023-01-17,61,61,60,61,344
2023-01-18,61,61,56.6,60,2494
2023-01-19,60,60.4,58.4,59.8,278
2023-01-20,58.6,59.2,58.6,59.2,319
2023-01-23,59.2,60.8,59,59,575
2023-01-24,60,60.8,59.4,59.6,335
2023-01-25,60.8,60.8,59.4,59.4,256
2023-01-26,59.8,59.8,59.4,59.8,1882
2023-01-27,59.6,59.8,59.6,59.8,261
2023-01-30,60,60.4,58,58.4,743
2023-01-31,58.2,58.8,57.8,58.4,552
2023-02-01,59,59.4,58,58,287
2023-02-02,58.2,59.2,58,58.2,314
2023-02-03,59.2,59.2,58.2,58.2,70
2023-02-06,58.4,60,58,59.8,715
2023-02-07,60,60,58.4,58.4,414
2023-02-08,58.4,59.4,58.2,59.4,229
2023-02-09,59,59.4,58.8,59.2,490
2023-02-10,59,59,58.4,59,360
2023-02-13,59,59,58,58,535
2023-02-14,58,58.4,57,58.4,10342
2023-02-15,58.4,58.8,57.2,58.6,206
2023-02-16,58.4,58.8,57.8,58,407
2023-02-17,58.8,58.8,58.4,58.8,214
2023-02-20,58.8,63.2,58.8,62.2,5543
2023-02-21,62.8,62.8,60.2,62,2270
2023-02-22,62,62,60,61.4,650
2023-02-23,61.4,62.8,61,62,552
2023-02-24,60.6,63,60.6,63,1275
2023-02-27,60.8,62.8,60.8,61.4,203
2023-02-28,61.6,62.4,61.4,61.4,450
2023-03-01,61.2,63,60.8,61.8,573
2023-03-02,61.8,62,61,62,206
2023-03-03,62,62.6,60.8,61,220
2023-03-06,61,63.8,61,62.8,2803
2023-03-07,62.8,62.8,62,62.8,170
2023-03-08,63,63,62,63,275
2023-03-09,62.6,67.4,62.6,66.8,2824
